{
  "name": "Common dice",
  "dice": [
    {
      "id": 0,
      "name": "d2",
      "count": 1
    },
    {
      "id": 1,
      "name": "d4",
      "count": 1
    },
	{
      "id": 2,
      "name": "d6 pips",
      "count": 1
    },
	{
      "id": 3,
      "name": "d6 numbers",
      "count": 1
    },
	{
      "id": 4,
      "name": "d8",
      "count": 1
    },
	{
      "id": 5,
      "name": "d10",
      "count": 1
    },
	{
      "id": 6,
      "name": "d12",
      "count": 1
    },
	{
      "id": 7,
      "name": "d20",
      "count": 1
    }
  ]
}